Region,Year,CO2emissions
Africa,1900,0.002330304
Africa,1901,0.003909488
Africa,1902,0.00582576
Africa,1903,0.00789592
Africa,1904,0.008910848
Africa,1905,0.010262864
Africa,1906,0.011717472000000001
Africa,1907,0.012930256000000001
Africa,1908,0.013402912000000001
Africa,1909,0.015385136
Africa,1910,0.017411328
Africa,1911,0.016865392
Africa,1912,0.0179536
Africa,1913,0.019606064000000003
Africa,1914,0.019551104
Africa,1915,0.019606064000000003
Africa,1916,0.023255408
Africa,1917,0.025343888000000002
Africa,1918,0.024724672000000003
Africa,1919,0.025442816
Africa,1920,0.028051584
Africa,1921,0.027985632000000003
Africa,1922,0.023969888
Africa,1923,0.029044528000000003
Africa,1924,0.030631040000000002
Africa,1925,0.032184576
Africa,1926,0.034437936
Africa,1927,0.033840704
Africa,1928,0.034770319
Africa,1929,0.035801618
Africa,1930,0.033695674
Africa,1931,0.029463712000000003
Africa,1932,0.026622752000000003
Africa,1933,0.028491130000000003
Africa,1934,0.032539280000000004
Africa,1935,0.035909542
Africa,1936,0.039015954000000005
Africa,1937,0.041844264000000006
Africa,1938,0.044013164
Africa,1939,0.046852928
Africa,1940,0.049649188000000004
Africa,1941,0.05402346
Africa,1942,0.058822885000000005
Africa,1943,0.060119628
Africa,1944,0.066632909
Africa,1945,0.067527186
Africa,1946,0.068159365
Africa,1947,0.067934744
Africa,1948,0.071733138
Africa,1949,0.077323523
Africa,1950,0.09342652200000001
Africa,1951,0.09983277400000001
Africa,1952,0.10884940200000001
Africa,1953,0.11077413500000001
Africa,1954,0.11612027400000001
Africa,1955,0.128017997
Africa,1956,0.133461818
Africa,1957,0.139894458
Africa,1958,0.148242223
Africa,1959,0.14784122200000002
Africa,1960,0.156567173
Africa,1961,0.16199432700000002
Africa,1962,0.16633487900000002
Africa,1963,0.176334853
Africa,1964,0.193639315
Africa,1965,0.21363436800000002
Africa,1966,0.22108207900000001
Africa,1967,0.23704515
Africa,1968,0.257285929
Africa,1969,0.27791598300000003
Africa,1970,0.302623915
Africa,1971,0.33187982800000004
Africa,1972,0.351902471
Africa,1973,0.37805509000000004
Africa,1974,0.388468523
Africa,1975,0.38738283100000004
Africa,1976,0.42027638900000003
Africa,1977,0.433117148
Africa,1978,0.46262526400000004
Africa,1979,0.49917375700000005
Africa,1980,0.535820406
Africa,1981,0.5487433260000001
Africa,1982,0.571895273
Africa,1983,0.594711155
Africa,1984,0.6494626960000001
Africa,1985,0.6658807840000001
Africa,1986,0.689826351
Africa,1987,0.68984071
Africa,1988,0.724939491
Africa,1989,0.698088072
Africa,1990,0.656407657
Africa,1991,0.6856114120000001
Africa,1992,0.667640427
Africa,1993,0.7077861000000001
Africa,1994,0.718541984
Africa,1995,0.770286058
Africa,1996,0.780461249
Africa,1997,0.8100908880000001
Africa,1998,0.83504623
Africa,1999,0.827010274
Africa,2000,0.888145374
Africa,2001,0.882266141
Africa,2002,0.8873236170000001
Africa,2003,0.9626263340000001
Africa,2004,1.0310234870000001
Africa,2005,1.048209344
Africa,2006,1.08678311
Africa,2007,1.1285262090000001
Africa,2008,1.1815074460000001
Africa,2009,1.192534016
Africa,2010,1.213858987
Africa,2011,1.2419738470000001
Africa,2012,1.2498852280000001
Africa,2013,1.2679105750000002
Africa,2014,1.3587052160000002
Africa,2015,1.31264943
Africa,2016,1.337081656
Africa,2017,1.390056138
Africa,2018,1.4257336330000001
Africa,2019,1.4487929160000002
Asia (excl. China & India),1900,0.032979522000000004
Asia (excl. China & India),1901,0.038114139000000005
Asia (excl. China & India),1902,0.038788905000000005
Asia (excl. China & India),1903,0.04113826
Asia (excl. China & India),1904,0.046323241
Asia (excl. China & India),1905,0.046944317000000006
Asia (excl. China & India),1906,0.051727126000000005
Asia (excl. China & India),1907,0.05664483100000001
Asia (excl. China & India),1908,0.059462169
Asia (excl. China & India),1909,0.061993991000000005
Asia (excl. China & India),1910,0.06344029200000001
Asia (excl. China & India),1911,0.06954787400000001
Asia (excl. China & India),1912,0.075584122
Asia (excl. China & India),1913,0.08312232300000001
Asia (excl. China & India),1914,0.085789926
Asia (excl. China & India),1915,0.07931911300000001
Asia (excl. China & India),1916,0.08755572
Asia (excl. China & India),1917,0.09615114200000001
Asia (excl. China & India),1918,0.093248941
Asia (excl. China & India),1919,0.10299712500000001
Asia (excl. China & India),1920,0.100656408
Asia (excl. China & India),1921,0.09593451400000001
Asia (excl. China & India),1922,0.104898237
Asia (excl. China & India),1923,0.115267036
Asia (excl. China & India),1924,0.124457151
Asia (excl. China & India),1925,0.13004784
Asia (excl. China & India),1926,0.136142795
Asia (excl. China & India),1927,0.150263427
Asia (excl. China & India),1928,0.16213289
Asia (excl. China & India),1929,0.16986668000000002
Asia (excl. China & India),1930,0.16796745500000002
Asia (excl. China & India),1931,0.16031045300000002
Asia (excl. China & India),1932,0.165074406
Asia (excl. China & India),1933,0.18647433500000002
Asia (excl. China & India),1934,0.21125294900000002
Asia (excl. China & India),1935,0.22738058600000002
Asia (excl. China & India),1936,0.252800146
Asia (excl. China & India),1937,0.27433614700000003
Asia (excl. China & India),1938,0.28812709000000003
Asia (excl. China & India),1939,0.300312686
Asia (excl. China & India),1940,0.33492765
Asia (excl. China & India),1941,0.31632329000000003
Asia (excl. China & India),1942,0.269049393
Asia (excl. China & India),1943,0.287386028
Asia (excl. China & India),1944,0.29409588600000003
Asia (excl. China & India),1945,0.223949944
Asia (excl. China & India),1946,0.23257175600000002
Asia (excl. China & India),1947,0.291786404
Asia (excl. China & India),1948,0.29927794900000004
Asia (excl. China & India),1949,0.34815248400000004
Asia (excl. China & India),1950,0.34404048400000004
Asia (excl. China & India),1951,0.298509786
Asia (excl. China & India),1952,0.31957161500000003
Asia (excl. China & India),1953,0.34868187
Asia (excl. China & India),1954,0.37073405400000004
Asia (excl. China & India),1955,0.41907767500000004
Asia (excl. China & India),1956,0.46660192300000003
Asia (excl. China & India),1957,0.512226427
Asia (excl. China & India),1958,0.534573838
Asia (excl. China & India),1959,0.569938927
Asia (excl. China & India),1960,0.6468635650000001
Asia (excl. China & India),1961,0.721204193
Asia (excl. China & India),1962,0.769883183
Asia (excl. China & India),1963,0.844664107
Asia (excl. China & India),1964,0.9291882450000001
Asia (excl. China & India),1965,1.019026065
Asia (excl. China & India),1966,1.112682642
Asia (excl. China & India),1967,1.2307205330000002
Asia (excl. China & India),1968,1.3717243250000002
Asia (excl. China & India),1969,1.531398912
Asia (excl. China & India),1970,1.7355869920000002
Asia (excl. China & India),1971,1.879970917
Asia (excl. China & India),1972,1.9811961590000002
Asia (excl. China & India),1973,2.168166343
Asia (excl. China & India),1974,2.202475675
Asia (excl. China & India),1975,2.196303967
Asia (excl. China & India),1976,2.3689451950000002
Asia (excl. China & India),1977,2.486320579
Asia (excl. China & India),1978,2.512627471
Asia (excl. China & India),1979,2.6413137090000003
Asia (excl. China & India),1980,2.653058428
Asia (excl. China & India),1981,2.619212725
Asia (excl. China & India),1982,2.630513429
Asia (excl. China & India),1983,2.699886386
Asia (excl. China & India),1984,2.816208854
Asia (excl. China & India),1985,2.9275011220000002
Asia (excl. China & India),1986,3.011269495
Asia (excl. China & India),1987,3.06949774
Asia (excl. China & India),1988,3.320977479
Asia (excl. China & India),1989,3.447664756
Asia (excl. China & India),1990,3.5717751160000004
Asia (excl. China & India),1991,3.7318382260000003
Asia (excl. China & India),1992,3.831660083
Asia (excl. China & India),1993,3.9653938380000002
Asia (excl. China & India),1994,4.081453883
Asia (excl. China & India),1995,4.093440198000001
Asia (excl. China & India),1996,4.2288274260000005
Asia (excl. China & India),1997,4.301650264
Asia (excl. China & India),1998,4.169575012
Asia (excl. China & India),1999,4.363666386
Asia (excl. China & India),2000,4.667131287
Asia (excl. China & India),2001,4.735071656000001
Asia (excl. China & India),2002,4.867947817
Asia (excl. China & India),2003,5.05995623
Asia (excl. China & India),2004,5.308512948000001
Asia (excl. China & India),2005,5.405562615
Asia (excl. China & India),2006,5.550583341
Asia (excl. China & India),2007,5.699810096
Asia (excl. China & India),2008,5.8702993690000005
Asia (excl. China & India),2009,5.905358400000001
Asia (excl. China & India),2010,6.148203699000001
Asia (excl. China & India),2011,6.366229985
Asia (excl. China & India),2012,6.663570442
Asia (excl. China & India),2013,6.591311302
Asia (excl. China & India),2014,6.724339296
Asia (excl. China & India),2015,6.9334501390000005
Asia (excl. China & India),2016,7.028698370000001
Asia (excl. China & India),2017,7.166304281
Asia (excl. China & India),2018,7.369321849
Asia (excl. China & India),2019,7.450834199000001
China,1900,0
China,1901,0
China,1902,9.5264e-5
China,1903,0.0019639040000000003
China,1904,0.00208848
China,1905,0.002297328
China,1906,0.017110880000000002
China,1907,0.016839744
China,1908,0.022731456
China,1909,0.020837168
China,1910,0.018748688
China,1911,0.0278464
China,1912,0.009786544000000001
China,1913,0.010757504000000001
China,1914,0.015106672000000002
China,1915,0.016088624
China,1916,0.017964592
China,1917,0.019851552
China,1918,0.021042352
China,1919,0.02425568
China,1920,0.026769184
China,1921,0.025288928000000002
China,1922,0.026633616000000002
China,1923,0.0321516
China,1924,0.035093792000000006
China,1925,0.033221488
China,1926,0.029590464
China,1927,0.0335256
China,1928,0.034107659000000005
China,1929,0.035804175
China,1930,0.037907915
China,1931,0.040240718
China,1932,0.038584548
China,1933,0.042194279
China,1934,0.049254158000000006
China,1935,0.05759660900000001
China,1936,0.06495516700000001
China,1937,0.060490599000000006
China,1938,0.055302605000000005
China,1939,0.067113397
China,1940,0.086046622
China,1941,0.10751756900000001
China,1942,0.11374063200000001
China,1943,0.097178706
China,1944,0.09776886800000001
China,1945,0.050347067
China,1946,0.031259005
China,1947,0.033553489
China,1948,0.023836342
China,1949,0.059272351
China,1950,0.078581973
China,1951,0.101617407
China,1952,0.12798689900000002
China,1953,0.13378373400000002
China,1954,0.16087849
China,1955,0.190521363
China,1956,0.21582372300000002
China,1957,0.255784976
China,1958,0.5246174690000001
China,1959,0.7201521470000001
China,1960,0.778979466
China,1961,0.5509585370000001
China,1962,0.43934210500000004
China,1963,0.43551759700000003
China,1964,0.43570372300000004
China,1965,0.474680625
China,1966,0.5214589190000001
China,1967,0.43222355700000004
China,1968,0.46780564300000005
China,1969,0.575944671
China,1970,0.77016719
China,1971,0.8740163590000001
China,1972,0.9288939500000001
China,1973,0.9656466060000001
China,1974,0.9850852160000001
China,1975,1.1421019060000002
China,1976,1.190964522
China,1977,1.304402788
China,1978,1.4552575060000001
China,1979,1.4871131000000002
China,1980,1.4588867380000001
China,1981,1.442782279
China,1982,1.570468325
China,1983,1.655810483
China,1984,1.8023170960000001
China,1985,1.9517732280000002
China,1986,2.0522419860000003
China,1987,2.191053006
China,1988,2.347763494
China,1989,2.386884968
China,1990,2.42078942
China,1991,2.538029952
China,1992,2.653192085
China,1993,2.835795473
China,1994,3.010242401
China,1995,3.2650569640000002
China,1996,3.4083465910000004
China,1997,3.414549286
China,1998,3.2659026210000004
China,1999,3.2581351290000002
China,2000,3.349295022
China,2001,3.426143795
China,2002,3.7824392970000003
China,2003,4.452310296
China,2004,5.125894416
China,2005,5.77116844
China,2006,6.377748016
China,2007,6.8617506520000004
China,2008,7.375189907
China,2009,7.758811768
China,2010,8.500542695
China,2011,9.388199234
China,2012,9.633899303
China,2013,9.796526887
China,2014,9.820360215000001
China,2015,9.683200711000001
China,2016,9.552516545000001
China,2017,9.750725978
China,2018,9.956568523000001
China,2019,10.174681103000001
EU-27,1900,0.7117901750000001
EU-27,1901,0.709298721
EU-27,1902,0.696099327
EU-27,1903,0.742732968
EU-27,1904,0.7567728690000001
EU-27,1905,0.795420828
EU-27,1906,0.811957052
EU-27,1907,0.9270558820000001
EU-27,1908,0.961582386
EU-27,1909,0.954541253
EU-27,1910,0.972397241
EU-27,1911,0.9922269410000001
EU-27,1912,1.0638463740000002
EU-27,1913,1.145575156
EU-27,1914,0.9804458880000001
EU-27,1915,0.8995448070000001
EU-27,1916,0.9455779430000001
EU-27,1917,0.937835976
EU-27,1918,0.883246508
EU-27,1919,0.686769403
EU-27,1920,0.8612662640000001
EU-27,1921,0.8939453470000001
EU-27,1922,0.917861802
EU-27,1923,0.8231387950000001
EU-27,1924,0.9998911520000001
EU-27,1925,1.01143555
EU-27,1926,0.97751913
EU-27,1927,1.098718026
EU-27,1928,1.124538952
EU-27,1929,1.234897245
EU-27,1930,1.1222699280000001
EU-27,1931,1.0104877410000002
EU-27,1932,0.893013754
EU-27,1933,0.920607323
EU-27,1934,0.9922082980000001
EU-27,1935,1.0385440460000002
EU-27,1936,1.082230749
EU-27,1937,1.21822625
EU-27,1938,1.230599926
EU-27,1939,1.2672837160000001
EU-27,1940,1.31810201
EU-27,1941,1.299382094
EU-27,1942,1.3195743800000002
EU-27,1943,1.330529472
EU-27,1944,1.140029771
EU-27,1945,0.49115996100000003
EU-27,1946,0.8456991890000001
EU-27,1947,0.988391177
EU-27,1948,1.092903466
EU-27,1949,1.208307604
EU-27,1950,1.27467642
EU-27,1951,1.426465034
EU-27,1952,1.483290452
EU-27,1953,1.511257348
EU-27,1954,1.6072789420000002
EU-27,1955,1.738729122
EU-27,1956,1.8619796370000001
EU-27,1957,1.9208188000000002
EU-27,1958,1.90493737
EU-27,1959,1.9343811670000002
EU-27,1960,2.06781505
EU-27,1961,2.157634122
EU-27,1962,2.312447836
EU-27,1963,2.500409567
EU-27,1964,2.61153806
EU-27,1965,2.6557915600000004
EU-27,1966,2.715403373
EU-27,1967,2.777134657
EU-27,1968,2.949083727
EU-27,1969,3.1507783010000003
EU-27,1970,3.298380475
EU-27,1971,3.382078894
EU-27,1972,3.509603438
EU-27,1973,3.693407075
EU-27,1974,3.674085761
EU-27,1975,3.586972813
EU-27,1976,3.8798107610000003
EU-27,1977,3.8326498570000003
EU-27,1978,3.965622655
EU-27,1979,4.095180801000001
EU-27,1980,4.056047684
EU-27,1981,3.8432724470000004
EU-27,1982,3.7524862330000004
EU-27,1983,3.7123357780000004
EU-27,1984,3.741947155
EU-27,1985,3.799637236
EU-27,1986,3.7901436090000002
EU-27,1987,3.8238921350000004
EU-27,1988,3.781328003
EU-27,1989,3.821090926
EU-27,1990,3.868052837
EU-27,1991,3.8073391510000003
EU-27,1992,3.6811072530000004
EU-27,1993,3.6113403880000003
EU-27,1994,3.597386841
EU-27,1995,3.648794531
EU-27,1996,3.732128963
EU-27,1997,3.6682396070000003
EU-27,1998,3.659816928
EU-27,1999,3.6008880270000003
EU-27,2000,3.613122697
EU-27,2001,3.6694876770000002
EU-27,2002,3.671263891
EU-27,2003,3.7552705310000003
EU-27,2004,3.765850158
EU-27,2005,3.74653034
EU-27,2006,3.755001864
EU-27,2007,3.7165306730000003
EU-27,2008,3.6309843180000003
EU-27,2009,3.3405206880000002
EU-27,2010,3.4420375950000004
EU-27,2011,3.3365174630000003
EU-27,2012,3.2609344
EU-27,2013,3.1799918380000003
EU-27,2014,3.044689034
EU-27,2015,3.0989694730000004
EU-27,2016,3.103515547
EU-27,2017,3.127498982
EU-27,2018,3.0544906220000003
EU-27,2019,2.91690614
Europe (excl. EU-27),1900,0.49338948800000004
Europe (excl. EU-27),1901,0.485336596
Europe (excl. EU-27),1902,0.49941714000000004
Europe (excl. EU-27),1903,0.5018764600000001
Europe (excl. EU-27),1904,0.511041842
Europe (excl. EU-27),1905,0.509716928
Europe (excl. EU-27),1906,0.534838879
Europe (excl. EU-27),1907,0.5650778820000001
Europe (excl. EU-27),1908,0.554960976
Europe (excl. EU-27),1909,0.5635750850000001
Europe (excl. EU-27),1910,0.565511938
Europe (excl. EU-27),1911,0.5811534340000001
Europe (excl. EU-27),1912,0.567825058
Europe (excl. EU-27),1913,0.620898183
Europe (excl. EU-27),1914,0.592676333
Europe (excl. EU-27),1915,0.592545328
Europe (excl. EU-27),1916,0.614780337
Europe (excl. EU-27),1917,0.5948262950000001
Europe (excl. EU-27),1918,0.5105665220000001
Europe (excl. EU-27),1919,0.496785915
Europe (excl. EU-27),1920,0.5114803290000001
Europe (excl. EU-27),1921,0.358965788
Europe (excl. EU-27),1922,0.47975465500000003
Europe (excl. EU-27),1923,0.5122597640000001
Europe (excl. EU-27),1924,0.541272967
Europe (excl. EU-27),1925,0.515005236
Europe (excl. EU-27),1926,0.330398369
Europe (excl. EU-27),1927,0.570697235
Europe (excl. EU-27),1928,0.5515219170000001
Europe (excl. EU-27),1929,0.584435468
Europe (excl. EU-27),1930,0.5976725930000001
Europe (excl. EU-27),1931,0.594656955
Europe (excl. EU-27),1932,0.598452223
Europe (excl. EU-27),1933,0.6150804120000001
Europe (excl. EU-27),1934,0.688319472
Europe (excl. EU-27),1935,0.7264306460000001
Europe (excl. EU-27),1936,0.792204248
Europe (excl. EU-27),1937,0.816271735
Europe (excl. EU-27),1938,0.813201228
Europe (excl. EU-27),1939,0.824675374
Europe (excl. EU-27),1940,0.9067861340000001
Europe (excl. EU-27),1941,0.8408502080000001
Europe (excl. EU-27),1942,0.675359864
Europe (excl. EU-27),1943,0.670958852
Europe (excl. EU-27),1944,0.747103822
Europe (excl. EU-27),1945,0.7399496630000001
Europe (excl. EU-27),1946,0.8083699550000001
Europe (excl. EU-27),1947,0.915830248
Europe (excl. EU-27),1948,0.959448221
Europe (excl. EU-27),1949,1.030288565
Europe (excl. EU-27),1950,1.1039555010000002
Europe (excl. EU-27),1951,1.198682005
Europe (excl. EU-27),1952,1.225268276
Europe (excl. EU-27),1953,1.2744941520000002
Europe (excl. EU-27),1954,1.3564807620000001
Europe (excl. EU-27),1955,1.487851076
Europe (excl. EU-27),1956,1.5754373670000001
Europe (excl. EU-27),1957,1.663874695
Europe (excl. EU-27),1958,1.7176092490000001
Europe (excl. EU-27),1959,1.7692064730000001
Europe (excl. EU-27),1960,1.8614811580000001
Europe (excl. EU-27),1961,1.9066042680000002
Europe (excl. EU-27),1962,1.9785429900000002
Europe (excl. EU-27),1963,2.092998751
Europe (excl. EU-27),1964,2.191332382
Europe (excl. EU-27),1965,2.3005577720000003
Europe (excl. EU-27),1966,2.390289541
Europe (excl. EU-27),1967,2.442343497
Europe (excl. EU-27),1968,2.514475045
Europe (excl. EU-27),1969,2.6157316820000003
Europe (excl. EU-27),1970,2.758001733
Europe (excl. EU-27),1971,2.8925393930000003
Europe (excl. EU-27),1972,2.990970973
Europe (excl. EU-27),1973,3.110227039
Europe (excl. EU-27),1974,3.1474687500000003
Europe (excl. EU-27),1975,3.259350951
Europe (excl. EU-27),1976,3.3579115120000003
Europe (excl. EU-27),1977,3.4522384010000002
Europe (excl. EU-27),1978,3.5539560310000002
Europe (excl. EU-27),1979,3.6239388050000003
Europe (excl. EU-27),1980,3.663033666
Europe (excl. EU-27),1981,3.59581242
Europe (excl. EU-27),1982,3.627553261
Europe (excl. EU-27),1983,3.67681593
Europe (excl. EU-27),1984,3.692588397
Europe (excl. EU-27),1985,3.9588073790000005
Europe (excl. EU-27),1986,3.985045754
Europe (excl. EU-27),1987,3.9683280140000003
Europe (excl. EU-27),1988,4.0585851680000005
Europe (excl. EU-27),1989,3.994398782
Europe (excl. EU-27),1990,4.1630165560000005
Europe (excl. EU-27),1991,3.926582046
Europe (excl. EU-27),1992,3.4214875470000004
Europe (excl. EU-27),1993,3.200419263
Europe (excl. EU-27),1994,2.858848187
Europe (excl. EU-27),1995,2.789847309
Europe (excl. EU-27),1996,2.754102161
Europe (excl. EU-27),1997,2.6129465990000003
Europe (excl. EU-27),1998,2.595978956
Europe (excl. EU-27),1999,2.5662319460000003
Europe (excl. EU-27),2000,2.5550933590000002
Europe (excl. EU-27),2001,2.626153394
Europe (excl. EU-27),2002,2.591721826
Europe (excl. EU-27),2003,2.6536528230000003
Europe (excl. EU-27),2004,2.673908167
Europe (excl. EU-27),2005,2.683564753
Europe (excl. EU-27),2006,2.773470756
Europe (excl. EU-27),2007,2.764029466
Europe (excl. EU-27),2008,2.776620662
Europe (excl. EU-27),2009,2.5552624070000003
Europe (excl. EU-27),2010,2.682386835
Europe (excl. EU-27),2011,2.7064749740000003
Europe (excl. EU-27),2012,2.728312969
Europe (excl. EU-27),2013,2.652603512
Europe (excl. EU-27),2014,2.561659922
Europe (excl. EU-27),2015,2.513158544
Europe (excl. EU-27),2016,2.501554364
Europe (excl. EU-27),2017,2.507829085
Europe (excl. EU-27),2018,2.5553411870000002
Europe (excl. EU-27),2019,2.540064891
India,1900,0.011949647
India,1901,0.013201457000000002
India,1902,0.01453979
India,1903,0.014826538
India,1904,0.016587980000000002
India,1905,0.016958355
India,1906,0.019581532000000002
India,1907,0.021808998000000003
India,1908,0.024950163
India,1909,0.024181617000000002
India,1910,0.023526863000000002
India,1911,0.024824192000000002
India,1912,0.028569723000000002
India,1913,0.031519969
India,1914,0.031752195000000004
India,1915,0.033197873
India,1916,0.033574148000000005
India,1917,0.035079558000000004
India,1918,0.039427343000000004
India,1919,0.043049039000000004
India,1920,0.034926942
India,1921,0.037568889
India,1922,0.036965780000000004
India,1923,0.038036422
India,1924,0.040697477
India,1925,0.040153546000000005
India,1926,0.04001152
India,1927,0.041956285
India,1928,0.040146965
India,1929,0.041784758000000005
India,1930,0.042477640000000004
India,1931,0.038922312
India,1932,0.036195632000000005
India,1933,0.035532305
India,1934,0.039683443000000006
India,1935,0.041468762
India,1936,0.040758710000000004
India,1937,0.045149477
India,1938,0.050472708000000005
India,1939,0.049403394
India,1940,0.052406007000000004
India,1941,0.05367783
India,1942,0.053626163000000004
India,1943,0.046728182
India,1944,0.047781764000000004
India,1945,0.052969792
India,1946,0.052319866000000007
India,1947,0.053277683000000006
India,1948,0.05330141
India,1949,0.056290252000000006
India,1950,0.061201648000000004
India,1951,0.064124886
India,1952,0.067535549
India,1953,0.068816181
India,1954,0.072527857
India,1955,0.078907851
India,1956,0.081779196
India,1957,0.091772671
India,1958,0.095958715
India,1959,0.10159717500000001
India,1960,0.11149072400000001
India,1961,0.12058315600000001
India,1962,0.132776205
India,1963,0.142652308
India,1964,0.139687953
India,1965,0.153921486
India,1966,0.15959394300000002
India,1967,0.159780361
India,1968,0.17430277500000002
India,1969,0.177645933
India,1970,0.181955566
India,1971,0.19220304500000002
India,1972,0.203289313
India,1973,0.209354842
India,1974,0.216127743
India,1975,0.23451328100000002
India,1976,0.24506782000000002
India,1977,0.259296378
India,1978,0.263478882
India,1979,0.276625253
India,1980,0.292083123
India,1981,0.31536265900000005
India,1982,0.325781794
India,1983,0.35263719600000004
India,1984,0.361995848
India,1985,0.39806962100000004
India,1986,0.42682457
India,1987,0.455893659
India,1988,0.49229075800000005
India,1989,0.5412922840000001
India,1990,0.5786870070000001
India,1991,0.616105953
India,1992,0.6562226240000001
India,1993,0.678115765
India,1994,0.717127462
India,1995,0.7623379130000001
India,1996,0.8261512230000001
India,1997,0.8599293
India,1998,0.8779394720000001
India,1999,0.9516711950000001
India,2000,0.978426962
India,2001,0.9925291690000001
India,2002,1.022848986
India,2003,1.059415912
India,2004,1.12526367
India,2005,1.1857606680000001
India,2006,1.2595224630000001
India,2007,1.357915604
India,2008,1.46257399
India,2009,1.612514671
India,2010,1.6784786770000002
India,2011,1.7660650400000002
India,2012,1.941312654
India,2013,2.033412295
India,2014,2.1844321680000003
India,2015,2.2534287820000003
India,2016,2.392359728
India,2017,2.456847641
India,2018,2.5913237390000003
India,2019,2.61644882
International transport,1900,0
International transport,1901,0
International transport,1902,0
International transport,1903,0
International transport,1904,0
International transport,1905,0
International transport,1906,0
International transport,1907,0
International transport,1908,0
International transport,1909,0
International transport,1910,0
International transport,1911,0
International transport,1912,0
International transport,1913,0
International transport,1914,0
International transport,1915,0
International transport,1916,0
International transport,1917,0
International transport,1918,0
International transport,1919,0
International transport,1920,0
International transport,1921,0
International transport,1922,0
International transport,1923,0
International transport,1924,0
International transport,1925,0
International transport,1926,0
International transport,1927,0
International transport,1928,0
International transport,1929,0
International transport,1930,0
International transport,1931,0
International transport,1932,0
International transport,1933,0
International transport,1934,0
International transport,1935,0
International transport,1936,0
International transport,1937,0
International transport,1938,0
International transport,1939,0
International transport,1940,0
International transport,1941,0
International transport,1942,0
International transport,1943,0
International transport,1944,0
International transport,1945,0
International transport,1946,0
International transport,1947,0
International transport,1948,0
International transport,1949,0
International transport,1950,0.128393888
International transport,1951,0.15317718400000002
International transport,1952,0.156156016
International transport,1953,0.16210268800000002
International transport,1954,0.162692592
International transport,1955,0.187091168
International transport,1956,0.201223216
International transport,1957,0.22368353600000002
International transport,1958,0.20790635200000002
International transport,1959,0.213369376
International transport,1960,0.23824060800000002
International transport,1961,0.26324008000000004
International transport,1962,0.27261259200000004
International transport,1963,0.28513614400000004
International transport,1964,0.31210318400000003
International transport,1965,0.322618864
International transport,1966,0.349047296
International transport,1967,0.37356312
International transport,1968,0.39482531200000004
International transport,1969,0.41341278400000003
International transport,1970,0.43722512
International transport,1971,0.46107043200000003
International transport,1972,0.492339008
International transport,1973,0.5275390560000001
International transport,1974,0.48938216
International transport,1975,0.44843696000000005
International transport,1976,0.439793584
International transport,1977,0.450327584
International transport,1978,0.456567376
International transport,1979,0.458483648
International transport,1980,0.44704464000000005
International transport,1981,0.412885168
International transport,1982,0.374153024
International transport,1983,0.35888513600000005
International transport,1984,0.360270128
International transport,1985,0.36811475200000005
International transport,1986,0.39400091200000004
International transport,1987,0.5301808
International transport,1988,0.547929216
International transport,1989,0.565388176
International transport,1990,0.562381474
International transport,1991,0.5465879770000001
International transport,1992,0.5562431130000001
International transport,1993,0.558374863
International transport,1994,0.5824070010000001
International transport,1995,0.614950632
International transport,1996,0.6685770440000001
International transport,1997,0.7039314000000001
International transport,1998,0.746465683
International transport,1999,0.77078367
International transport,2000,0.780661178
International transport,2001,0.776919585
International transport,2002,0.7950162620000001
International transport,2003,0.829834214
International transport,2004,0.9013604890000001
International transport,2005,0.9381993660000001
International transport,2006,0.990537886
International transport,2007,1.0487467990000001
International transport,2008,1.063511292
International transport,2009,1.0182090620000002
International transport,2010,1.0808858570000002
International transport,2011,1.109524951
International transport,2012,1.101006954
International transport,2013,1.1174514100000001
International transport,2014,1.127299419
International transport,2015,1.16607374
International transport,2016,1.1858820410000002
International transport,2017,1.248596135
International transport,2018,1.2676902300000001
International transport,2019,1.2676902300000001
North America (excl. USA),1900,0.021628592000000002
North America (excl. USA),1901,0.025157024
North America (excl. USA),1902,0.027073296
North America (excl. USA),1903,0.029517184000000002
North America (excl. USA),1904,0.034815328
North America (excl. USA),1905,0.037094336000000006
North America (excl. USA),1906,0.039307392000000003
North America (excl. USA),1907,0.049255152
North America (excl. USA),1908,0.051178752
North America (excl. USA),1909,0.049104928000000006
North America (excl. USA),1910,0.055843024000000005
North America (excl. USA),1911,0.06879526400000001
North America (excl. USA),1912,0.07610128000000001
North America (excl. USA),1913,0.091248256
North America (excl. USA),1914,0.07881264
North America (excl. USA),1915,0.07576419200000001
North America (excl. USA),1916,0.09405488000000001
North America (excl. USA),1917,0.11190222400000001
North America (excl. USA),1918,0.12093032000000001
North America (excl. USA),1919,0.117823248
North America (excl. USA),1920,0.16169232
North America (excl. USA),1921,0.17177198400000002
North America (excl. USA),1922,0.155741984
North America (excl. USA),1923,0.16622835200000002
North America (excl. USA),1924,0.146911744
North America (excl. USA),1925,0.134278272
North America (excl. USA),1926,0.13200039600000002
North America (excl. USA),1927,0.12653577900000001
North America (excl. USA),1928,0.12257725000000001
North America (excl. USA),1929,0.12662899700000002
North America (excl. USA),1930,0.12079126300000001
North America (excl. USA),1931,0.097681734
North America (excl. USA),1932,0.09161825600000001
North America (excl. USA),1933,0.092390898
North America (excl. USA),1934,0.105905151
North America (excl. USA),1935,0.107909081
North America (excl. USA),1936,0.116688973
North America (excl. USA),1937,0.128930222
North America (excl. USA),1938,0.12172266000000001
North America (excl. USA),1939,0.13046039
North America (excl. USA),1940,0.14526255600000001
North America (excl. USA),1941,0.155970566
North America (excl. USA),1942,0.16272920200000002
North America (excl. USA),1943,0.170587298
North America (excl. USA),1944,0.1752813
North America (excl. USA),1945,0.168791873
North America (excl. USA),1946,0.18021686
North America (excl. USA),1947,0.19084720400000002
North America (excl. USA),1948,0.20776803200000002
North America (excl. USA),1949,0.187993776
North America (excl. USA),1950,0.20316819200000003
North America (excl. USA),1951,0.22191944600000002
North America (excl. USA),1952,0.216930898
North America (excl. USA),1953,0.218925254
North America (excl. USA),1954,0.22872207500000002
North America (excl. USA),1955,0.23768029400000001
North America (excl. USA),1956,0.26399810500000004
North America (excl. USA),1957,0.26737462700000003
North America (excl. USA),1958,0.275485982
North America (excl. USA),1959,0.282835161
North America (excl. USA),1960,0.291648089
North America (excl. USA),1961,0.297305767
North America (excl. USA),1962,0.315299557
North America (excl. USA),1963,0.315212818
North America (excl. USA),1964,0.356469835
North America (excl. USA),1965,0.371648067
North America (excl. USA),1966,0.384543803
North America (excl. USA),1967,0.421122437
North America (excl. USA),1968,0.448079424
North America (excl. USA),1969,0.466113021
North America (excl. USA),1970,0.5222804710000001
North America (excl. USA),1971,0.5499543640000001
North America (excl. USA),1972,0.58816038
North America (excl. USA),1973,0.6109496590000001
North America (excl. USA),1974,0.629048112
North America (excl. USA),1975,0.6486393810000001
North America (excl. USA),1976,0.685659098
North America (excl. USA),1977,0.7002507060000001
North America (excl. USA),1978,0.734581633
North America (excl. USA),1979,0.782734174
North America (excl. USA),1980,0.8114958830000001
North America (excl. USA),1981,0.807907306
North America (excl. USA),1982,0.8150393560000001
North America (excl. USA),1983,0.772648505
North America (excl. USA),1984,0.7976930630000001
North America (excl. USA),1985,0.810718589
North America (excl. USA),1986,0.784720356
North America (excl. USA),1987,0.828480776
North America (excl. USA),1988,0.853091547
North America (excl. USA),1989,0.920482907
North America (excl. USA),1990,0.8748995340000001
North America (excl. USA),1991,0.8763281850000001
North America (excl. USA),1992,0.890616241
North America (excl. USA),1993,0.896764059
North America (excl. USA),1994,0.9302219620000001
North America (excl. USA),1995,0.9325054
North America (excl. USA),1996,0.969606972
North America (excl. USA),1997,1.008370554
North America (excl. USA),1998,1.0357593980000002
North America (excl. USA),1999,1.059912988
North America (excl. USA),2000,1.098942367
North America (excl. USA),2001,1.111793508
North America (excl. USA),2002,1.1237644180000002
North America (excl. USA),2003,1.171703898
North America (excl. USA),2004,1.1691854540000002
North America (excl. USA),2005,1.193530926
North America (excl. USA),2006,1.209193671
North America (excl. USA),2007,1.242114025
North America (excl. USA),2008,1.236317149
North America (excl. USA),2009,1.183483309
North America (excl. USA),2010,1.192046163
North America (excl. USA),2011,1.222444681
North America (excl. USA),2012,1.236664076
North America (excl. USA),2013,1.237717803
North America (excl. USA),2014,1.230555262
North America (excl. USA),2015,1.238069271
North America (excl. USA),2016,1.223744326
North America (excl. USA),2017,1.2076199730000001
North America (excl. USA),2018,1.214673042
North America (excl. USA),2019,1.196478482
Oceania,1900,0.012607824
Oceania,1901,0.01417968
Oceania,1902,0.014436160000000002
Oceania,1903,0.014388528000000001
Oceania,1904,0.014978432000000002
Oceania,1905,0.015586656
Oceania,1906,0.018221072
Oceania,1907,0.019562096
Oceania,1908,0.020906784
Oceania,1909,0.018818304
Oceania,1910,0.022339408
Oceania,1911,0.023848976
Oceania,1912,0.025648
Oceania,1913,0.026604304000000002
Oceania,1914,0.029561152
Oceania,1915,0.026725216000000003
Oceania,1916,0.02431064
Oceania,1917,0.025376864000000002
Oceania,1918,0.027483664
Oceania,1919,0.025867840000000003
Oceania,1920,0.029290016000000002
Oceania,1921,0.026651936
Oceania,1922,0.027905024
Oceania,1923,0.028685456
Oceania,1924,0.031059728
Oceania,1925,0.032323808
Oceania,1926,0.032125952
Oceania,1927,0.033390032
Oceania,1928,0.031000847
Oceania,1929,0.028546174
Oceania,1930,0.026893798
Oceania,1931,0.02378446
Oceania,1932,0.023880348000000003
Oceania,1933,0.025125693
Oceania,1934,0.026679554
Oceania,1935,0.029378853000000003
Oceania,1936,0.031225003
Oceania,1937,0.033236124
Oceania,1938,0.032281157000000005
Oceania,1939,0.036603309
Oceania,1940,0.033796657
Oceania,1941,0.039545532
Oceania,1942,0.041597877000000005
Oceania,1943,0.040360099
Oceania,1944,0.039678416
Oceania,1945,0.038314307000000006
Oceania,1946,0.040952299000000005
Oceania,1947,0.043465180000000006
Oceania,1948,0.043922526
Oceania,1949,0.043255470000000004
Oceania,1950,0.063714413
Oceania,1951,0.067686754
Oceania,1952,0.07025429700000001
Oceania,1953,0.068666774
Oceania,1954,0.077700743
Oceania,1955,0.081151547
Oceania,1956,0.08427619600000001
Oceania,1957,0.086297625
Oceania,1958,0.088946073
Oceania,1959,0.095053307
Oceania,1960,0.10097338
Oceania,1961,0.10367699500000001
Oceania,1962,0.107208883
Oceania,1963,0.11448815200000001
Oceania,1964,0.12404875600000001
Oceania,1965,0.136725214
Oceania,1966,0.13676221
Oceania,1967,0.14547484600000002
Oceania,1968,0.151161138
Oceania,1969,0.15942909300000002
Oceania,1970,0.16583281300000002
Oceania,1971,0.172155627
Oceania,1972,0.177756723
Oceania,1973,0.194303361
Oceania,1974,0.19672694000000002
Oceania,1975,0.19943211800000002
Oceania,1976,0.198481031
Oceania,1977,0.2132695
Oceania,1978,0.224622802
Oceania,1979,0.22651879400000002
Oceania,1980,0.243570962
Oceania,1981,0.25214004
Oceania,1982,0.25723106300000004
Oceania,1983,0.24779071100000002
Oceania,1984,0.260672301
Oceania,1985,0.26835083000000004
Oceania,1986,0.26807845
Oceania,1987,0.28563177900000003
Oceania,1988,0.291948032
Oceania,1989,0.308625859
Oceania,1990,0.309672332
Oceania,1991,0.311866621
Oceania,1992,0.318816722
Oceania,1993,0.323034246
Oceania,1994,0.3281547
Oceania,1995,0.339666947
Oceania,1996,0.34824199
Oceania,1997,0.358712279
Oceania,1998,0.37144725900000003
Oceania,1999,0.38232368600000005
Oceania,2000,0.38980008400000005
Oceania,2001,0.39997102700000003
Oceania,2002,0.40534903800000005
Oceania,2003,0.41560779000000003
Oceania,2004,0.42931440800000004
Oceania,2005,0.43428028700000004
Oceania,2006,0.440286805
Oceania,2007,0.448583591
Oceania,2008,0.452536863
Oceania,2009,0.45306769900000005
Oceania,2010,0.451949798
Oceania,2011,0.450336387
Oceania,2012,0.45420949800000004
Oceania,2013,0.445771631
Oceania,2014,0.44422934500000005
Oceania,2015,0.45273847700000003
Oceania,2016,0.46141959200000005
Oceania,2017,0.467345593
Oceania,2018,0.470414781
Oceania,2019,0.467761635
South America,1900,0.0031656960000000004
South America,1901,0.0064010080000000006
South America,1902,0.0073792960000000005
South America,1903,0.00767608
South America,1904,0.00866536
South America,1905,0.009211296
South America,1906,0.012329360000000001
South America,1907,0.012684768
South America,1908,0.014886832000000001
South America,1909,0.013406576000000002
South America,1910,0.017246448
South America,1911,0.01916272
South America,1912,0.019990784
South America,1913,0.02112296
South America,1914,0.017195152000000002
South America,1915,0.015088352000000001
South America,1916,0.013619088000000001
South America,1917,0.010867424
South America,1918,0.010999328000000001
South America,1919,0.012900944000000001
South America,1920,0.014641344
South America,1921,0.014428832
South America,1922,0.017162176
South America,1923,0.019759952
South America,1924,0.024332624
South America,1925,0.026384464000000003
South America,1926,0.027381072000000003
South America,1927,0.03008144
South America,1928,0.031427830000000004
South America,1929,0.03442433
South America,1930,0.029096845000000003
South America,1931,0.025542021
South America,1932,0.028960146000000003
South America,1933,0.032898529
South America,1934,0.037257450000000004
South America,1935,0.041081411000000005
South America,1936,0.039596511
South America,1937,0.050161731
South America,1938,0.046272798000000004
South America,1939,0.047060380000000006
South America,1940,0.050716699000000004
South America,1941,0.050752568000000005
South America,1942,0.048166197
South America,1943,0.048569506000000005
South America,1944,0.053866373
South America,1945,0.054137152
South America,1946,0.118776011
South America,1947,0.06210707100000001
South America,1948,0.069504089
South America,1949,0.070824633
South America,1950,0.11256975300000001
South America,1951,0.131276173
South America,1952,0.141463469
South America,1953,0.140631958
South America,1954,0.15104145300000002
South America,1955,0.17006574900000002
South America,1956,0.184167718
South America,1957,0.192903299
South America,1958,0.17873649300000002
South America,1959,0.196974221
South America,1960,0.199140547
South America,1961,0.201768416
South America,1962,0.215648163
South America,1963,0.21940710000000002
South America,1964,0.230187946
South America,1965,0.24014306800000002
South America,1966,0.252038604
South America,1967,0.26737494100000003
South America,1968,0.28765221300000005
South America,1969,0.311279564
South America,1970,0.337868431
South America,1971,0.34656120100000004
South America,1972,0.36255494600000004
South America,1973,0.39263320500000004
South America,1974,0.416448761
South America,1975,0.41185454400000004
South America,1976,0.41912701500000005
South America,1977,0.434526142
South America,1978,0.46092375100000005
South America,1979,0.49369903600000004
South America,1980,0.5079111470000001
South America,1981,0.48884396300000005
South America,1982,0.490141998
South America,1983,0.485344266
South America,1984,0.491477154
South America,1985,0.501602086
South America,1986,0.529712372
South America,1987,0.557029273
South America,1988,0.579966877
South America,1989,0.579460357
South America,1990,0.583122508
South America,1991,0.590193867
South America,1992,0.599221094
South America,1993,0.6338430150000001
South America,1994,0.6525464350000001
South America,1995,0.685340485
South America,1996,0.71654114
South America,1997,0.757542374
South America,1998,0.8112913770000001
South America,1999,0.8276975400000001
South America,2000,0.807286355
South America,2001,0.8187431420000001
South America,2002,0.828196523
South America,2003,0.831393041
South America,2004,0.8400716920000001
South America,2005,0.879838753
South America,2006,0.88852324
South America,2007,0.9058853250000001
South America,2008,0.974014173
South America,2009,0.9606787250000001
South America,2010,1.0518819620000002
South America,2011,1.064184112
South America,2012,1.1300090550000002
South America,2013,1.1577614360000001
South America,2014,1.193904098
South America,2015,1.152383623
South America,2016,1.148424898
South America,2017,1.126973191
South America,2018,1.096955865
South America,2019,1.085107306
United States,1900,0.664123032
United States,1901,0.723181839
United States,1902,0.766638331
United States,1903,0.8969371490000001
United States,1904,0.8829527340000001
United States,1905,0.9879890720000001
United States,1906,1.037809221
United States,1907,1.2064040600000001
United States,1908,1.055658857
United States,1909,1.169267069
United States,1910,1.276139503
United States,1911,1.263458518
United States,1912,1.348624553
United States,1913,1.448383742
United States,1914,1.323621466
United States,1915,1.37298333
United States,1916,1.524475212
United States,1917,1.676785935
United States,1918,1.7519506
United States,1919,1.484187912
United States,1920,1.744764634
United States,1921,1.4307376280000002
United States,1922,1.4435293900000001
United States,1923,1.906244682
United States,1924,1.7088902170000002
United States,1925,1.755017252
United States,1926,1.9029518010000002
United States,1927,1.859812373
United States,1928,1.8279360500000001
United States,1929,1.9605533160000002
United States,1930,1.742554525
United States,1931,1.483058875
United States,1932,1.256452837
United States,1933,1.347302111
United States,1934,1.434582502
United States,1935,1.4902993830000002
United States,1936,1.71085657
United States,1937,1.789832123
United States,1938,1.513492359
United States,1939,1.667993206
United States,1940,1.871653116
United States,1941,2.039420938
United States,1942,2.194073151
United States,1943,2.2675748550000003
United States,1944,2.4404362760000002
United States,1945,2.3554134490000003
United States,1946,2.2532945790000003
United States,1947,2.481044128
United States,1948,2.5773968060000003
United States,1949,2.160380182
United States,1950,2.536095692
United States,1951,2.6127194790000003
United States,1952,2.5453798460000003
United States,1953,2.6060571620000004
United States,1954,2.4832960720000004
United States,1955,2.721022901
United States,1956,2.852384536
United States,1957,2.8283110590000002
United States,1958,2.740357382
United States,1959,2.8230046630000003
United States,1960,2.8878204320000003
United States,1961,2.8773698480000003
United States,1962,2.9840017440000004
United States,1963,3.116022372
United States,1964,3.252755162
United States,1965,3.3881926780000002
United States,1966,3.5591791600000002
United States,1967,3.6932981710000004
United States,1968,3.8283060540000005
United States,1969,4.021502617
United States,1970,4.325500825000001
United States,1971,4.3513086880000005
United States,1972,4.558452642000001
United States,1973,4.762452212
United States,1974,4.592958261000001
United States,1975,4.400795008
United States,1976,4.607168187
United States,1977,4.7353663180000005
United States,1978,4.882964014000001
United States,1979,4.894042875
United States,1980,4.716716355
United States,1981,4.530369843
United States,1982,4.301970691
United States,1983,4.3359165630000005
United States,1984,4.468262054
United States,1985,4.484338182
United States,1986,4.4878558690000006
United States,1987,4.680834052000001
United States,1988,4.885590503
United States,1989,4.948021163
United States,1990,5.128300617000001
United States,1991,5.078889576
United States,1992,5.1827067200000005
United States,1993,5.2834375950000005
United States,1994,5.377032708000001
United States,1995,5.438905704000001
United States,1996,5.626911901000001
United States,1997,5.7037069680000005
United States,1998,5.751051980000001
United States,1999,5.830297636
United States,2000,5.998070434000001
United States,2001,5.9004365960000005
United States,2002,5.942652335
United States,2003,5.9919596330000005
United States,2004,6.107618246
United States,2005,6.1318929760000005
United States,2006,6.051051022
United States,2007,6.12842964
United States,2008,5.930539643
United States,2009,5.491035727000001
United States,2010,5.698055779000001
United States,2011,5.565294401
United States,2012,5.367568555
United States,2013,5.514029294
United States,2014,5.561719216
United States,2015,5.412432194
United States,2016,5.292267561
United States,2017,5.2536061300000005
United States,2018,5.424881502000001
United States,2019,5.2846966570000005
